"Student","Height"
"shubham",143.33333333333334
"aman",147.61904761904762
"rohit",145
"rohan",150
"rajesh",140
