"Student","Height"
"shubham",-0.4817017887368831
"aman",0.629917723732845
"rohit",-0.04940531166532125
"rohan",1.247484119549359
"rajesh",-1.3462947428800032
